"CODE","GOVERN_TYPE","POPULATION","AGE25_PROPTN","AGE_MEDIAN","AGE50_PROPTN","POP_DENSITY","GDP","INFANT_MORT","DOCS","VAX_RATE","HEALTHCARE_BASIS","HEALTHCARE_COST","DEATH_RATE","OBS_TYPE"
"Country1","UNSTABLE DEM",55.9901541930244,17.1455817859309,32.3653973046788,33.4795632205724,495.073498975823,45.9965653889719,9.94150709498181,26.4240271653561,59.3210114837181,"INSURANCE",5026.95449061774,19.8857161196566,"Test"
"Country2","UNSTABLE DEM",NA,17.5993993385199,37.9543776094905,-99,499.967611875825,56.2964329801521,12.9161952480313,-99,-99,"FREE",NA,15.4705636844198,"Test"
"Country3","UNSTABLE DEM",99.5181001975304,14.5835190790566,NA,38.3450231040415,512.09642919341,49.3081047531551,13.7972881773067,23.8148508594134,69.7985761522106,"INSURANCE",4920.12657600346,21.1852773250695,"Train"
"Country4","UNSTABLE DEM",27.0346508894876,12.8406701060113,29.4139916455586,33.4405929781223,496.181558797935,53.668642260119,11.3215896475865,19.3830678284324,59.0477670654312,"INSURANCE",4967.51409373264,11.7549838735501,"Train"
"Country5","UNSTABLE DEM",62.4358570494658,15.0933971130642,36.2777336275144,32.2992418458234,488.913313240785,58.7708547911253,14.5633669549013,21.8986672302647,57.9690782932867,"INSURANCE",4858.67586816301,8.31704510770566,"Train"
"Country6","STABLE DEM",160.1605905047,19.8263100359783,33.0948174253503,31.3757836776547,491.834187553204,55.6168488456654,11.8931300137325,24.4427260852691,57.8244802140612,"INSURANCE",5025.29985713457,14.7414538321446,"Train"
"Country7","UNSTABLE DEM",96.4821906729372,12.6597128772272,33.0011070138722,33.4631401290326,497.508088759175,57.1556422336521,17.0775671005729,29.729744805263,-99,"PRIVATE",15063.4700087989,26.6057141444415,"Train"
"Country8","DICTATORSHIP",128.501569163895,11.3114157137546,33.8862702882812,32.853870652775,512.632747580929,54.4283282664088,15.9865248904821,24.7800113080585,57.1865676975554,"PRIVATE",15756.5192303028,25.117238457391,"Test"
"Country9","OTHER",70.7341122690312,14.5123438178716,29.0472780092071,33.6855540675975,492.01850412497,57.1572239926905,12.2870226713333,20.2227005718841,57.192607392258,"PRIVATE",15405.8221316059,9.57467782984168,"Train"
"Country10","DICTATORSHIP",NA,14.6665395156723,NA,37.0657157840363,489.166377958802,56.5788628763636,15.1570549474958,NA,NA,"INSURANCE",5262.16953910023,19.6539111377252,"Train"
"Country11","DICTATORSHIP",7.94883066804997,16.2665809449469,NA,NA,516.922126971139,60.545573790004,NA,NA,55.8134164084647,"INSURANCE",5063.84393936989,26.0521549554577,"Test"
"Country12","UNSTABLE DEM",NA,NA,NA,42.7362661746152,497.443241746136,61.9228061702262,12.6158168631844,NA,58.6046374763008,"INSURANCE",4848.78027031469,17.4644122020307,"Train"
"Country13","UNSTABLE DEM",85.8877061392221,17.9424391810067,32.8980876001357,35.8388100689819,477.266768166622,54.7743514679103,11.5263185785741,21.4965277414355,57.6651142329913,"INSURANCE",5071.62402136744,5.17593492981538,"Test"
"Country14","UNSTABLE DEM",NA,21.9922250941596,NA,-99,501.720610123728,NA,9.69822112977519,-99,-99,"INSURANCE",4793.34528357375,16.8842962930155,"Train"
"Country15","STABLE DEM",43.2461989386202,19.5009898319696,NA,37.8968738376001,484.255387743834,51.7850134144167,11.3511222110866,26.6365605035359,62.1085681178592,"INSURANCE",5190.39581418794,14.3151652439804,"Train"
"Country16","UNSTABLE DEM",33.9805668216607,18.6689995281655,36.8700370336426,39.5031085146787,505.008576590177,59.5159546626007,13.6609317489447,24.5975519635535,57.9601987117567,"INSURANCE",4948.98648300434,24.9233904929352,"Train"
"Country17","STABLE DEM",140.828231145994,15.338815647546,NA,37.3214781435775,505.255163821104,57.7770518563036,13.1913975913466,25.1859952435058,60.5299216999032,"INSURANCE",4945.67753634357,21.3887423520539,"Train"
"Country18","STABLE DEM",17.185143031907,16.3484898070626,35.0523011423233,39.4104794560377,503.911682096289,62.3327741756246,15.6128989000113,21.731606529517,66.2215227642001,"FREE",NA,19.0694633395134,"Train"
"Country19","STABLE DEM",88.9196942402328,14.2406996605406,35.530474839434,38.9939275279076,500.19073203081,60.9486532798866,16.2873626449087,23.0582453130263,58.291477666651,"INSURANCE",4916.27238711419,19.3026708522273,"Train"
"Country20","UNSTABLE DEM",18.9119172571135,16.5942273256578,NA,32.7337014088986,491.673456024044,24.43613267701,14.2885751507043,24.6375164606706,-99,"FREE",NA,24.7834820815462,"Train"
"Country21","STABLE DEM",NA,NA,NA,36.1037960084474,505.103628104952,56.0934133329714,11.7617283905186,19.2351827028507,NA,"INSURANCE",4976.07390292167,13.2534671379593,"Test"
"Country22","OTHER",99.9681949636829,13.785268974044,NA,34.3394543974177,498.851854078795,54.8725020913923,14.5595151418554,26.5471456496297,57.2904656694412,"INSURANCE",5153.56802235532,20.8567966089344,"Train"
"Country23","STABLE DEM",61.9114603261635,15.2640627121918,NA,32.522613887089,493.659706568974,57.1770809770683,11.2751819895284,19.5489133421424,56.8283033724638,"INSURANCE",5048.62112771293,11.1770281359066,"Test"
"Country24","UNSTABLE DEM",246.220145340426,14.9331614784904,NA,33.9152564132781,497.837544315013,53.583023829161,15.339996826987,26.3991983729996,-99,"INSURANCE",5094.97963312796,17.711593025004,"Train"
"Country25","STABLE DEM",20.0163032311273,16.7636631053001,NA,38.0068126622762,517.50895513443,63.1666141350571,15.2853628127853,20.5130118605762,61.5508201606768,"INSURANCE",5361.94346483964,26.3736804466256,"Test"
"Country26","UNSTABLE DEM",NA,15.7036092463605,32.6038892221204,NA,500.764954347488,52.5611582189743,NA,25.4583252908704,58.6015720516461,"PRIVATE",15185.2337687265,20.6147690143091,"Test"
"Country27","STABLE DEM",88.6762148387394,17.8984701953116,35.9744074098523,37.9764650454233,487.813110891028,49.3323553540444,10.4902654640292,22.3611696693914,58.5721700608705,"INSURANCE",5034.50139438394,13.8402635936369,"Train"
"Country28","DICTATORSHIP",NA,13.5913287256254,37.7089873997676,-99,491.083873702266,NA,14.4031394648083,-99,-99,"INSURANCE",5130.02273311751,11.3904645523213,"Train"
"Country29","STABLE DEM",30.225800027845,15.5798765173806,NA,31.9342230516503,512.294028092832,56.1091697621886,11.7969121730266,21.2835237963444,55.8743849467683,"INSURANCE",4652.53103815876,21.1537122077907,"Train"
"Country30","OTHER",7.65160982316855,NA,NA,-99,500.433868310476,NA,13.2507998867865,-99,-99,"INSURANCE",5175.57548819412,18.4206256177304,"Train"
"Country31","STABLE DEM",7.14409973116914,17.1215934512405,NA,39.7293825966206,506.855935457234,NA,14.401395564158,NA,NA,"PRIVATE",14811.5364103229,21.0627348997574,"Test"
"Country32","STABLE DEM",432.007201818072,15.6680625156066,NA,32.8485266037016,499.43384417949,56.8849465902455,15.3329235479871,28.8773933426743,54.0074709451905,"INSURANCE",5150.28801257664,24.8542737645501,"Train"
"Country33","UNSTABLE DEM",123.730369203569,10.6957871141603,NA,33.4419323828225,495.004282663798,55.2138129552094,17.9587262200452,26.6804107200228,62.9379502194335,"INSURANCE",5008.35249131713,17.0195346820051,"Test"
"Country34","STABLE DEM",78.9176642310783,14.7482019561192,NA,35.9517957157694,502.008345274672,60.0016983510067,13.315741341768,21.6014901317586,59.1168479763229,"FREE",NA,17.4757923352557,"Test"
"Country35","STABLE DEM",42.2634548957358,16.4494626817881,35.5930724357561,32.4067144647481,502.023800185703,55.693642115009,14.2105059157207,23.4934683742144,59.5325085292998,"INSURANCE",5009.14368565207,17.5838340608,"Train"
"Country36","STABLE DEM",NA,NA,NA,36.1778761944068,493.676937425376,52.2591229935697,NA,23.7537386561744,57.5319523892221,"INSURANCE",5028.62618011835,15.878817479106,"Train"
"Country37","OTHER",40.4282157164366,15.0586159126975,32.9140028165969,35.1893244440531,495.932662663505,55.0744595186657,12.9607611024091,24.0563027635044,56.1866164474961,"INSURANCE",5120.59696856133,18.1820521191397,"Train"
"Country38","OTHER",177.777095584617,13.4397627878286,NA,36.3883491473455,485.14161288476,62.9945113133366,14.0057743429133,19.4735069236681,58.2546669838894,"INSURANCE",4944.6813172583,10.1594893332343,"Train"
"Country39","OTHER",42.4946288899253,17.0513678141145,36.4109565358772,37.0506904765731,502.671897071697,59.6089121661778,14.8349959775327,22.7781309254911,18,"INSURANCE",5136.03078968252,19.5482806016249,"Test"
"Country40","UNSTABLE DEM",40.4547275387479,18.4324846641168,NA,39.8320398890358,507.777801322596,56.8969163573548,14.0228172508765,22.8709515307347,59.3050746015951,"INSURANCE",4980.77874213994,22.147421249633,"Train"
"Country41","UNSTABLE DEM",209.066141627161,14.8611423597097,NA,33.1974371976634,488.300071775932,57.1786173258327,14.1708117655351,25.1479681125289,-99,"INSURANCE",4726.0592890385,13.6467588823051,"Train"
"Country42","UNSTABLE DEM",25.694258127749,14.4313089849535,30.5768941430139,34.0647634738858,494.997238722875,50.6989682548985,13.1768889005602,26.6135927441641,60.8504274143919,"PRIVATE",14596.6041554418,18.2415837145898,"Train"
"Country43","STABLE DEM",42.1067171550269,15.031378964483,36.745603720668,35.3987761356271,521.148871622065,57.7033117621706,16.2071509750574,22.9784707625236,59.6198468805319,"FREE",NA,28.2021352556583,"Train"
"Country44","DICTATORSHIP",68.2392788966227,14.1303854490472,NA,35.8137277226505,503.2711494648,51.4164268638367,12.6041427989568,26.1735257197031,58.4102497906483,"INSURANCE",5262.16159368026,22.7349172131128,"Train"
"Country45","UNSTABLE DEM",17.6656594213408,14.7323789998768,NA,29.8389677427796,498.984430667892,58.2690266914698,11.2850493083057,21.998362456298,53.2412997433466,"FREE",NA,15.9026105621694,"Test"
"Country46","UNSTABLE DEM",18.5604825617111,12.4945937689588,31.5835887430523,37.2613134131943,477.835894931111,60.463052514902,15.3707485619574,24.4161697239477,52.4538663655714,"PRIVATE",14920.4290260515,12.432892354289,"Test"
"Country47","UNSTABLE DEM",29.3177874453325,13.5852505051019,NA,32.0953427835461,514.060602102339,55.1597762824776,15.6937876779795,26.150686464735,56.195166538943,"INSURANCE",5137.81112833997,27.9404236258416,"Test"
"Country48","UNSTABLE DEM",78.0091722446217,18.6463907764546,39.5230581624574,36.0237768451365,510.883563982684,59.0205391992445,16.2022095768471,23.6422141774801,60.5195664664734,"FREE",NA,22.7202938843685,"Test"
"Country49","DICTATORSHIP",29.3690962705646,14.5950514051889,NA,33.5318541175294,497.16819324527,50.3999984358775,11.8943677128232,22.260070067348,56.2621276116699,"INSURANCE",5023.19311925096,15.1820028167836,"Train"
"Country50","OTHER",35.2762250469881,12.6880965492937,NA,35.8665036698056,485.73166492554,65.350053823397,18.363250961749,26.0060096664134,52.1601332667731,"INSURANCE",4982.42761920431,16.2643869479144,"Train"
"Country51","UNSTABLE DEM",90.6412130120663,14.8566430892603,33.2035609902586,34.2307972123182,506.347193328514,24.6339108455539,16.9750655448758,22.3210927804453,37.1332666468538,"INSURANCE",5144.42875495972,25.8425120627816,"Test"
"Country52","STABLE DEM",7.71901166236493,19.8828307024729,NA,36.7446915429561,NA,53.3535412810859,NA,21.1341049619534,NA,"PRIVATE",14827.7877580325,19.8629453098668,"Train"
"Country53","STABLE DEM",12.4715516592478,NA,NA,34.0707653253348,NA,NA,NA,NA,NA,NA,NA,19.5113259936035,"Test"
"Country54","UNSTABLE DEM",288.393103971213,17.9311392111553,NA,34.5203843503747,498.567144877853,52.8545612253035,12.0636670639462,24.5683756021999,59.7616584472928,"INSURANCE",4651.82600726128,17.7410682241873,"Train"
"Country55","STABLE DEM",133.510380359931,13.2395258022163,NA,39.9126896097919,502.506834148936,56.8819753898975,15.5893640322445,22.7389538431159,65.2970919969528,"PRIVATE",14589.0643962759,19.069287897918,"Test"
"Country56","DICTATORSHIP",15.269605219621,NA,NA,NA,NA,66.653282885493,13.3232466412511,18.1356212580611,56.7014087280747,"FREE",NA,13.67073853057,"Train"
"Country57","UNSTABLE DEM",1.65192484239131,NA,NA,NA,498.958163206585,47.9841112252524,13.2944338347009,24.8244738661759,NA,"INSURANCE",5140.2352392893,18.4891512693065,"Train"
"Country58","STABLE DEM",NA,16.7042532120478,35.9951966350641,NA,NA,53.7911708171066,13.2722402458341,20.6541573918772,60.6400916455631,"FREE",NA,14.2600471891511,"Train"
"Country59","UNSTABLE DEM",26.8395530251783,16.1454389864042,35.4931393846456,37.407699245218,497.574057917366,53.0747982296962,13.0654925868543,23.5143529985309,58.7741604067711,"INSURANCE",4942.13239887385,19.9982865198248,"Train"
"Country60","STABLE DEM",19.2711219302994,13.4895157001423,31.5993482438925,34.0485166075744,501.257280875687,51.6047265586424,15.940480460641,25.9715807629502,63.057259434686,"FREE",NA,19.3765242108775,"Train"
"Country61","UNSTABLE DEM",24.2197894890421,16.431639225885,NA,34.0836074221666,500.093047425661,62.3724912423862,10.9538232125774,16.6957447568658,-99,"PRIVATE",14778.9015342294,8.96401734303589,"Train"
"Country62","UNSTABLE DEM",17.5624227807437,12.5663686739294,NA,31.3209954395607,486.680191380573,53.3609432567966,10.7723773754946,21.0623277652423,56.1305929955176,"INSURANCE",4926.51349882457,8.80074341426863,"Test"
"Country63","STABLE DEM",3.00092163317829,18.3201123657306,31.1880020146202,-99,NA,55.663560932558,9.59662522137464,-99,-99,"PRIVATE",15077.7802814392,19.8093767833019,"Train"
"Country64","DICTATORSHIP",77.9175313332357,17.113835166782,NA,36.1609976405227,477.719756186957,54.2765698211164,12.7726889923332,22.0547300696657,58.4988936730197,"INSURANCE",4775.03681328122,7.76489682270766,"Test"
"Country65","UNSTABLE DEM",44.7568182081789,14.3728579182647,NA,31.8048607711002,497.527441615753,57.3587135856419,16.0831210170832,26.1850748937595,56.2946665610075,"INSURANCE",4932.49638306574,20.5118802680749,"Train"
"Country66","DICTATORSHIP",62.2281448070912,18.3822163539334,36.2913115478042,38.9560208189688,497.959655511773,55.3804453805925,11.3474729097811,20.0379860067881,62.6977275298845,"FREE",NA,13.3743745302394,"Train"
"Country67","STABLE DEM",NA,13.4392724947412,33.5349702032425,NA,498.596418752027,NA,14.9807321840514,24.9190915512589,55.3591602231407,"FREE",NA,19.3512813380332,"Test"
"Country68","OTHER",40.1656933886291,11.48131240949,NA,32.4881225525755,491.29543507344,56.9380326139824,19.3010203692127,25.2144255175983,66.0987991234031,"INSURANCE",4865.6602353659,12.7069469803348,"Train"
"Country69","STABLE DEM",28.7196741414506,12.4366943201591,NA,29.9718843980096,508.973127433475,60.4608778576249,15.611252470556,24.9547554590707,55.0157901989929,"INSURANCE",4945.91382341432,22.0710858885534,"Train"
"Country70","STABLE DEM",52.0670888115951,14.3735377248979,34.4829361672468,33.8872650334372,477.102462014619,51.7152838644338,12.3686654408348,22.4902623751137,60.8672482752752,"PRIVATE",14693.4430899203,5.12351362097094,"Train"
"Country71","OTHER",109.280511960058,14.8974888365946,NA,30.3222297471955,514.262113571231,47.6804911550853,12.1525419755099,24.0763753748235,58.5836615708488,"INSURANCE",5142.06479508653,21.9003881920654,"Train"
"Country72","UNSTABLE DEM",74.6847780810916,14.2703586844427,35.5043567172714,38.5872854846278,505.59860197936,64.2315435949194,16.5168402536999,18.4281286258792,61.7078223374301,"INSURANCE",4937.60466292999,15.0195523862179,"Test"
"Country73","UNSTABLE DEM",NA,14.9325644275895,NA,33.5979695540832,511.608700349099,50.5449061042802,NA,NA,61.0769471298996,"FREE",NA,18.1397443150005,"Train"
"Country74","UNSTABLE DEM",NA,12.0871013562389,31.0870870423947,NA,503.106537210576,54.3303044656456,14.6980146929264,NA,56.11050971465,"INSURANCE",5050.46034428786,18.9125833600778,"Train"
"Country75","STABLE DEM",65.4448149737066,12.0290234561599,NA,28.5457996174632,506.166646820718,52.6188594877617,15.4872262231167,24.8645984935133,56.039081958818,"FREE",NA,20.7578794515944,"Test"
"Country76","STABLE DEM",77.280894091916,13.1598195870667,34.541274697943,31.0375815241063,483.737845131946,61.3957098111111,15.2755052094537,23.3001430959317,53.1914691287412,"PRIVATE",15117.8924499326,12.160085504107,"Train"
"Country77","UNSTABLE DEM",58.5441364460158,11.4381826757804,NA,35.9595980055751,492.50442832897,50.2930307631867,14.3797432449474,23.722162037789,61.5539127319341,"INSURANCE",5156.18704194488,14.9590690872337,"Train"
"Country78","UNSTABLE DEM",22.5621224991923,18.2862102273547,35.1153163667257,34.7655467272688,505.57339070339,54.9057058182189,11.6652669408814,17.4799608540067,64.5702213713647,"PRIVATE",15368.9822685157,12.1289947736207,"Test"
"Country79","STABLE DEM",11.3125812577516,14.2115267378917,34.1445904491091,NA,496.830468211901,58.1899862969229,15.9417161229907,NA,NA,"PRIVATE",15311.9420687025,15.4401049658986,"Train"
"Country80","UNSTABLE DEM",109.432310661532,16.1444267104068,34.4312010426379,34.0350707832957,510.616953321922,55.6716298720134,12.3710122147678,17.1138758265501,67.5880663455312,"PRIVATE",14474.6378308003,11.0612420673375,"Test"
"Country81","STABLE DEM",70.2775890944785,17.3993420369022,NA,33.3280751160051,506.451924761487,54.9731542244813,11.50935193175,23.7802695412514,55.3531884196016,"FREE",NA,22.3842714214591,"Train"
"Country82","UNSTABLE DEM",50.7260824254729,16.6306215944546,NA,34.6216696322787,495.371019211723,53.6749994972313,11.0793713451849,21.0036826448143,57.3291658877846,"FREE",NA,12.6884528922131,"Test"
"Country83","STABLE DEM",15.2643213241368,NA,NA,-99,480.010174726129,NA,13.2145510031866,-99,-99,"FREE",NA,12.520725480392,"Test"
"Country84","UNSTABLE DEM",49.8237478235118,14.2550690552428,NA,34.8449318968532,521.513669451969,59.0989923612679,15.8900487797711,26.2031935795936,56.970419864232,"PRIVATE",15088.2690931391,29.1303507797127,"Train"
"Country85","STABLE DEM",23.2458840476189,18.0423445877387,NA,33.5749951956405,505.79111271967,51.822195096017,9.60758049511172,19.0515226392314,62.2439047524557,"INSURANCE",5178.05432150535,12.6255878586814,"Train"
"Country86","STABLE DEM",13.0060907529852,NA,NA,NA,508.763649323528,NA,14.3271525796376,24.121096047411,62.7619597416149,"PRIVATE",14588.3660259077,21.0330959001108,"Test"
"Country87","OTHER",NA,NA,NA,NA,502.146328822208,57.20257422071,15.247306232576,24.2474197181608,58.9468527017905,"INSURANCE",5216.15193921629,18.4983178432231,"Train"
"Country88","UNSTABLE DEM",30.3126705648825,17.3956162780728,39.0138239641623,36.9874068527897,500.4477578931,56.1702825086658,12.8698489635661,18.1415720823962,62.7081795767733,"PRIVATE",14852.8208844787,11.684658668976,"Train"
"Country89","UNSTABLE DEM",NA,14.4443837944744,NA,NA,517.948336200802,60.5948901316166,NA,21.7886189835557,57.9499096705315,"INSURANCE",4920.44906536668,23.6593717990237,"Train"
"Country90","STABLE DEM",85.7082381638556,13.847903381968,35.3176881434747,33.3008102024341,480.74217224486,52.5554558125549,12.7841849957432,21.4988153711319,60.599562728608,"INSURANCE",4957.42899679568,6.85902739545239,"Train"
"Country91","UNSTABLE DEM",67.9912885044735,13.2152860547483,NA,35.4728605209154,502.869258580782,57.168178901707,12.9652225965566,21.6774801945262,57.3916489881133,"FREE",NA,18.6256825958261,"Train"
"Country92","UNSTABLE DEM",10.2129815627155,13.0519602548449,NA,30.3074870975675,NA,61.3309840007825,13.9243589055313,NA,NA,"FREE",NA,15.5143728446732,"Test"
"Country93","OTHER",48.5042642295842,15.1000935617614,NA,33.170306316817,488.669894658858,24.2498253035237,12.7110386800825,22.6227980611608,34.5254941189423,"INSURANCE",5084.23638798548,20.2500930573024,"Train"
"Country94","--",10.5480177613615,-99,NA,NA,NA,55.7965278346531,NA,24.1817801472543,63.5641734460221,"INSURANCE",4893.30333113764,24.3389594533369,"Test"
"Country95","UNSTABLE DEM",NA,12.3495143899231,NA,31.700279104688,NA,NA,16.3858848991535,27.2596819885929,-99,"INSURANCE",5078.02839284893,16.3975102643151,"Test"
"Country96","OTHER",8.82722174026302,11.7814088941961,NA,NA,498.496785034692,NA,12.8464081226726,NA,50.6630257683901,"FREE",NA,17.4098655333072,"Train"
"Country97","STABLE DEM",37.7692840299841,11.5544528050348,34.7852596365664,32.0207333725205,502.054580877153,55.0421174162351,16.6042174570713,23.9798118621167,62.4885154301127,"INSURANCE",4979.98580269252,16.9755213404332,"Train"
"Country98","STABLE DEM",112.238218833489,11.5555380476613,NA,31.3718981354913,489.704963716556,49.3076656508834,13.0846521153625,21.9280726837737,61.7944675817894,"INSURANCE",4926.62377819134,8.45393088724873,"Test"
"Country99","OTHER",2.58170975524972,NA,NA,38.6984554912788,NA,52.9578201899672,NA,22.30941009641,61.8509306985048,"INSURANCE",5259.81328218756,20.3285489219334,"Test"
"Country100","STABLE DEM",3.25788813259032,NA,33.0294590809904,NA,507.123225477263,59.9982505708245,NA,22.7161147066132,58.6632090832498,"INSURANCE",4827.47572857372,22.2090976337484,"Train"
"Country101","STABLE DEM",342.4589013002,14.8240403163389,32.9741244420357,39.709446595427,496.903022226873,53.7212873589407,12.9592905378321,19.9849295724054,58.4116316084424,"PRIVATE",14323.1300495177,16.5314687444322,"Test"
"Country102","STABLE DEM",12.3138896498949,14.415571252647,NA,30.0518724809969,NA,51.1936343422007,NA,23.4713325837463,NA,"INSURANCE",5000.77392137745,15.9894950507301,"Train"
"Country103","STABLE DEM",84.5839217366252,15.6027618721874,32.7784756790979,35.8685819652869,496.861995314791,53.4004710834424,13.0594911687011,23.0530787805081,62.6776931271879,"INSURANCE",5070.67219358388,16.1275487653806,"Train"
"Country104","UNSTABLE DEM",33.1536577022737,10.7095862497592,31.5120546236564,35.1213619804789,506.611235589297,59.2096115339016,17.0632540110411,24.5874669617328,57.7414358578926,"FREE",NA,22.7224790750578,"Test"
"Country105","STABLE DEM",33.5748292571321,16.2561596608752,NA,32.4902884997001,507.582753389313,52.8212497644631,12.9543682643266,24.6754676509112,56.6206534314047,"INSURANCE",4884.87323542172,23.8880800224586,"Train"
"Country106","DICTATORSHIP",50.4180020032291,12.989678321941,NA,37.9380399740733,498.279305049271,55.2958294864267,14.1483121341872,19.8188634386859,62.4964025619515,"INSURANCE",4988.37502871772,12.9857465332574,"Train"
"Country107","STABLE DEM",101.563130991865,17.161928490475,NA,33.1656180276395,500.969481633766,53.2716281204783,11.6071977725332,18.3473189650822,63.916987373057,"INSURANCE",5014.60623673692,10.0374104368549,"Train"
"Country108","STABLE DEM",1.53976106607961,NA,33.5038743667302,31.9991426354091,498.44537191357,NA,NA,22.7960067486893,61.6287215707517,"INSURANCE",5119.92151113744,12.3823776074796,"Train"
"Country109","STABLE DEM",22.6432602642115,13.5227237392085,NA,34.0168036723352,493.893814362645,60.3540221774537,14.2304659814327,22.7822593369797,58.3869055385669,"PRIVATE",14620.4229135804,14.5261933265081,"Train"
"Country110","UNSTABLE DEM",10.3753673511285,14.3389282584381,34.1974473348564,36.468194599375,NA,52.6991909298632,NA,NA,58.3459626239327,"INSURANCE",4527.402265028,16.7934740468336,"Train"
"Country111","STABLE DEM",181.827399467637,14.0544654770303,31.3729382444672,36.7405479616277,494.806146701758,63.0659770140461,12.0687104666974,16.7305810177039,55.5028418664002,"INSURANCE",4986.54627127121,9.76074406955133,"Train"
"Country112","STABLE DEM",16.7094494468892,12.9165012304596,NA,33.5846603875971,NA,63.084657125856,NA,23.1809460204014,NA,"INSURANCE",5205.48049563405,13.4984119085742,"Train"
"Country113","STABLE DEM",47.4199455121139,12.1604895917657,32.8076814525753,31.3719331043704,490.291031212194,53.0776766963326,16.2357321656523,25.1493438170784,56.4668886308794,"INSURANCE",4767.15045731014,14.5154788176213,"Train"
"Country114","UNSTABLE DEM",NA,16.8945448922834,32.4789975751433,37.6332803721069,NA,55.1861101309502,11.3207776931362,20.0049997475108,NA,"INSURANCE",4816.86854274031,9.88835860926859,"Train"
"Country115","STABLE DEM",17.5830616346164,19.5257627590039,34.4406115706401,33.5387171295916,496.520688357156,61.9322410919455,10.0663782026668,19.7735913188918,59.0169948640275,"INSURANCE",5144.74230023932,11.6757720911097,"Train"
"Country116","STABLE DEM",528.245576189126,14.3521783764202,38.0599021164686,35.9028228493824,508.901788753668,56.2531594552705,16.8429066355979,24.9940059514923,61.2029453742306,"INSURANCE",4872.56837561236,22.6873930143414,"Train"
"Country117","STABLE DEM",35.17143732426,11.3966591376,NA,33.0129956103336,496.308889534162,60.3037292856514,15.74387537455,21.9104933592128,58.6910358227735,"INSURANCE",5321.5462270929,13.4430083492087,"Train"
"Country118","UNSTABLE DEM",20.0782690130921,16.4321265839419,33.191519017675,34.0078482055022,494.074463059808,51.0059387725936,11.8494355188104,24.1634832304355,60.4717195961302,"FREE",NA,13.9729173664837,"Train"
"Country119","OTHER",29.1514403067911,16.6103001657747,31.9139834366159,37.3739632119306,496.368780200826,65.6008005990307,13.0139806764771,19.7953153956067,55.7889093253577,"FREE",NA,13.8373857331941,"Train"
"Country120","UNSTABLE DEM",51.5598164206752,13.7699847052499,NA,30.3086157503789,516.199802817737,58.9748819191229,14.9768097368849,21.7102669930592,61.2226944670257,"INSURANCE",4934.02938158671,19.1067672149549,"Test"
"Country121","DICTATORSHIP",138.317538145596,14.4822874455812,31.8273303055958,31.5071292978841,499.258599076023,53.160495453771,12.6650368360526,21.4743141485641,62.6002258247062,"FREE",NA,12.4578657698899,"Train"
"Country122","DICTATORSHIP",34.136712392987,14.7155687272952,NA,37.1444714205535,494.220037704061,53.2413441225458,13.0405131959393,21.1511644155786,66.3148962664593,"INSURANCE",4932.03689169069,10.6087832261823,"Test"
"Country123","OTHER",90.3320407875361,12.9390747135625,30.6080347673689,33.1473823827946,503.945104446291,52.9277336975474,12.923524628597,20.6070064862852,58.5841929046743,"INSURANCE",5263.67874004365,15.3204772657454,"Train"
"Country124","STABLE DEM",17.5401509272112,17.0460395446662,35.4114088639267,35.697643101681,493.125937967609,51.3871749888675,11.8604090825011,22.0497930268927,60.6212881562841,"INSURANCE",5217.53086813368,13.5569341987772,"Train"
"Country125","STABLE DEM",25.4082222029649,16.761289998372,NA,35.2472098235048,492.958351775398,52.4796496200274,11.4519965984429,24.6488889973129,56.7057927383177,"PRIVATE",14771.2569303287,15.5742722122106,"Test"
"Country126","STABLE DEM",NA,14.1744096355861,NA,36.6706206711643,NA,NA,10.7271574414023,20.3456043154605,58.5384941035367,"FREE",NA,16.0145478914638,"Train"
"Country127","DICTATORSHIP",21.0622014395788,17.7831642745809,37.248823990769,34.1077530813154,510.529307243347,57.4604558768285,11.580637103601,19.6716072051301,59.4538798312424,"PRIVATE",14990.7815712432,16.3558886281025,"Train"
"Country128","OTHER",45.8885824720153,13.1597238082037,NA,32.8941626501719,481.509715385716,55.8743763620957,16.3353038816695,24.2854040984762,61.982115759746,"PRIVATE",14768.32668435,8.07657255375559,"Train"
"Country129","UNSTABLE DEM",192.766277974431,9.36766716468761,NA,33.2067733214709,505.101358433498,56.4352694681515,17.6866782264436,26.2612446503349,60.2322456013732,"INSURANCE",4857.26825094194,22.3252860388758,"Train"
"Country130","DICTATORSHIP",34.5206542786669,16.8965291633965,33.6528422617978,34.2702836914605,490.636653999606,53.7188451619761,11.9666763359373,23.1211731698672,60.1694241434672,"INSURANCE",4873.0284717832,14.1556667187568,"Train"
"Country131","STABLE DEM",99.4111857348611,14.1731127653449,NA,33.4994429454002,516.804194373527,58.1882130965904,15.8506737689358,23.5453293236312,62.1999391002206,"INSURANCE",4842.25639737171,25.1150079682358,"Train"
"Country132","UNSTABLE DEM",385.845733283887,17.3179714773825,36.0089716003528,38.281969962856,488.306093795482,54.9692100964672,12.2072975900951,25.5765289182203,-99,"INSURANCE",5098.73312638076,17.0719139873851,"Train"
"Country133","STABLE DEM",19.0465400045819,14.8010913116432,NA,36.7506466561235,506.482339475918,55.7666516183933,16.4666859681888,26.7224588605726,59.0457782589113,"FREE",NA,25.7553705617585,"Train"
"Country134","UNSTABLE DEM",171.607101538729,14.2841580190644,31.6865042034882,33.4136880828246,498.569307412811,49.4985977144721,13.9342332188562,26.015077254678,-99,"INSURANCE",4905.37553970479,19.7475377802633,"Train"
"Country135","UNSTABLE DEM",120.3448561396,16.6943824755326,NA,36.1172182540868,504.596176711122,57.0401401205916,13.4694856155923,24.4272648241871,62.9674154283865,"INSURANCE",5181.44034552077,18.8619770538782,"Train"
"Country136","UNSTABLE DEM",18.2968806433784,16.5050128563881,35.2769957162912,37.7011627852855,494.225013914289,61.0630416912822,12.2652697987676,22.3507236753114,-99,"INSURANCE",5072.88938049065,18.1479545803515,"Train"
"Country137","STABLE DEM",170.630230018166,15.9794048307048,NA,34.2369205228794,494.421482794667,54.7683929337595,11.7377843833616,23.407383183424,62.3571824610152,"INSURANCE",5212.4997801881,14.6898643942497,"Test"
"Country138","DICTATORSHIP",10.3981604974525,12.6205616623248,NA,36.1795307275197,NA,NA,15.0293517329153,26.0851303108417,NA,"INSURANCE",4908.33692494141,24.4956049881592,"Train"
"Country139","UNSTABLE DEM",19.845416793192,19.1519965746694,32.6593873521566,33.5290650267011,496.898380728458,22.103411247216,12.9979863736392,23.5344606270326,35.2565595174206,"INSURANCE",5165.56439533709,23.7265569242265,"Test"
"Country140","STABLE DEM",13.2192877566722,12.3110797477539,NA,-99,NA,57.8233455073918,NA,-99,-99,"INSURANCE",4848.61890640655,4.5517456512325,"Train"
"Country141","UNSTABLE DEM",50.4823531295981,16.3847178302968,32.2407317745444,33.1602153032746,500.225289562952,52.5470293052107,10.4734101346525,18.9918668758896,61.9521868822222,"INSURANCE",4771.54719313619,9.59977645813108,"Test"
"Country142","STABLE DEM",34.4467307344255,15.2233247987285,NA,34.3242983601494,492.546144892303,55.1872877359559,15.5774612949373,25.4151448055406,63.6109982268929,"PRIVATE",14976.6136011968,15.5984657849773,"Train"
"Country143","UNSTABLE DEM",6.70913694495621,NA,NA,41.4194544012381,NA,NA,11.4409686029056,21.1198962547813,63.8883267088942,"PRIVATE",15432.6483893999,13.621280170199,"Test"
"Country144","STABLE DEM",6.86629176093934,15.6556613146697,32.3154378226904,NA,508.336933756646,NA,10.881166167252,20.1605333153082,NA,"INSURANCE",4885.64899582595,16.7270837703122,"Train"
"Country145","STABLE DEM",NA,15.0623441514435,33.0875819497408,36.0785108333399,489.296169434145,NA,13.6783115441933,NA,64.4094527914117,"PRIVATE",14224.3088263682,11.1249974711934,"Train"
"Country146","--",NA,-99,NA,36.7363623764553,487.785513124273,NA,NA,NA,62.1656395806265,"FREE",NA,12.2421742165731,"Test"
"Country147","STABLE DEM",57.5203917164661,12.7920392398839,31.3978841251055,37.6496696723089,496.848164793688,63.7831910103305,13.9031902343538,19.0052607905376,56.5093273859032,"INSURANCE",4952.09506919318,12.7345174553,"Train"
"Country148","UNSTABLE DEM",10.2120456514943,18.6409165886198,35.7928126035617,34.6180093679891,NA,NA,11.1276636848987,23.6441630478446,NA,"PRIVATE",15577.4742553658,18.7009024540106,"Train"
"Country149","UNSTABLE DEM",8.24977866950889,16.2121353370664,NA,NA,502.323836115456,NA,14.6494910113248,NA,58.3896330372448,"PRIVATE",14971.1959463368,21.4644679611802,"Test"
"Country150","DICTATORSHIP",47.4155029809957,12.9752741187689,32.5364482992287,35.9801474067658,484.514506788655,59.0718724333482,14.0811827038221,22.0653966194432,55.546926402994,"INSURANCE",5087.7087590166,10.1712409689403,"Train"
"Country151","UNSTABLE DEM",32.6980817675951,14.3102666229683,NA,36.6852598483812,493.451009802253,27.2506352412705,17.0823872134551,24.8865726837354,30.9633359448457,"INSURANCE",5005.24697400361,27.7595860846121,"Test"
"Country152","STABLE DEM",10.35747978712,NA,NA,40.295749924221,NA,53.0014742422218,13.6710780109196,NA,59.3868112721848,"PRIVATE",15258.5322296192,21.0432050779795,"Train"
"Country153","OTHER",23.3345151475366,12.7201588605929,NA,33.0900363084835,524.217533846772,58.7013839090037,14.7654829165152,21.3261157623488,18,"INSURANCE",5072.91999477174,25.1744969906923,"Train"
"Country154","UNSTABLE DEM",26.2174417664826,9.991611342004,NA,33.4215480306495,523.603367707833,58.5296571775853,16.2526062804258,24.903806984718,54.631133783836,"INSURANCE",5366.80508515372,31.1691013171988,"Train"
"Country155","UNSTABLE DEM",68.039761734963,13.7308433908963,NA,31.6941886555987,503.77049658176,46.8636439341491,15.611051272538,27.1144197216008,62.8132869499609,"INSURANCE",5015.2742170475,20.3257381624064,"Train"
"Country156","UNSTABLE DEM",1.90991777838204,NA,NA,32.273063758252,NA,NA,NA,NA,NA,NA,NA,19.7091420584475,"Test"
"Country157","STABLE DEM",NA,16.9156358930621,36.9320873218594,37.2658173742851,499.303369722064,NA,12.0248147428345,25.6790995539349,NA,"INSURANCE",5040.55529856839,21.1638277290101,"Test"
"Country158","DICTATORSHIP",241.503057992251,14.8997116822678,NA,37.6285585692228,501.82914533327,57.2741619202477,16.1236024190964,26.0182424154501,61.431317256125,"INSURANCE",5110.7775524757,23.1410489783889,"Train"
"Country159","UNSTABLE DEM",7.56988931086536,13.0732447787601,NA,NA,496.653094206358,51.6256941472171,14.5187448325714,NA,NA,"FREE",NA,18.658800454285,"Train"
"Country160","STABLE DEM",96.2167907690782,12.8019761795106,NA,32.4928357370352,490.986540961263,55.7371266695667,16.8215088718482,27.4874868857219,62.1013940717109,"PRIVATE",15413.5465212851,14.9357629735421,"Test"
"Country161","UNSTABLE DEM",50.2029954841334,16.8929068936922,NA,40.0989718352421,505.460277446617,60.3492114003326,14.0169753213272,21.0772852113693,-99,"PRIVATE",14894.990119006,19.6459057826145,"Train"
"Country162","UNSTABLE DEM",NA,13.9935010745246,34.3577490498354,NA,498.635401407411,NA,13.5016862313859,22.0082669391913,66.198638401127,"INSURANCE",4961.45307262451,13.4258363755625,"Test"
"Country163","STABLE DEM",7.39843147123303,9.59744356938798,NA,NA,502.330151500862,NA,NA,21.4047950366308,58.483644218878,"INSURANCE",5372.28495708474,14.5081835528836,"Test"
"Country164","UNSTABLE DEM",86.8362833495207,13.5248741286894,36.2796162390382,29.5756784734792,491.665526510464,53.0204314671751,15.0444084656552,26.4736341474191,59.6985107635504,"PRIVATE",14889.7687537646,16.9111867723121,"Train"
"Country165","STABLE DEM",21.6557192633217,13.8974867474461,32.5050720938241,32.0218542910088,500.363625144883,65.2366085187284,14.7473770382835,19.546096976796,59.9195717089785,"FREE",NA,12.6351167575568,"Train"
"Country166","STABLE DEM",17.8892664747031,17.8716897278523,NA,35.4831685990294,502.646343332663,63.0980410191184,14.4208815556238,23.7490490656584,55.1211373566388,"INSURANCE",4942.09942178219,23.0195312437386,"Train"
"Country167","UNSTABLE DEM",75.7346876504397,11.9958044158985,NA,31.6659315254388,503.56475133794,58.3597206951471,17.8126037243351,27.5771934213806,-99,"INSURANCE",5290.10422181811,22.3356891314143,"Train"
"Country168","UNSTABLE DEM",12.2274723184403,12.670746777657,35.3321905841216,34.9911182461183,NA,58.3819551409334,14.6502964640479,NA,NA,"PRIVATE",15929.0490469911,7.92534189966844,"Train"
"Country169","UNSTABLE DEM",16.3015088143231,NA,35.9483569143035,NA,NA,62.2904957140339,14.9809246211,18.620868715646,-99,"INSURANCE",5042.82062173472,14.8884963511469,"Train"
"Country170","UNSTABLE DEM",100.638979372577,13.8246402738132,NA,34.4629057004283,499.299674790138,48.4459776420278,12.128185572863,22.3308576241423,60.5705257519832,"INSURANCE",4675.35488804316,18.0099495392681,"Train"
"Country171","UNSTABLE DEM",89.1614244870576,14.9778075438629,32.2950670301019,32.7883464043467,504.004167799994,56.2560078718478,13.8639217361565,22.2171622423702,57.152715877453,"FREE",NA,17.9020820611236,"Train"
"Country172","--",6.71737969572118,NA,NA,37.2105727657827,485.85781007384,NA,NA,NA,55.942843410215,"INSURANCE",4777.27959267492,10.9974021429142,"Test"
"Country173","STABLE DEM",NA,14.1358808736018,NA,33.0797371596499,497.338830298352,58.1668638261398,NA,20.2751821135205,NA,"INSURANCE",5001.58036246167,10.6483494604394,"Train"
"Country174","UNSTABLE DEM",5.06979221153282,13.658269072121,NA,NA,NA,54.5611824298618,14.7625909636572,NA,-99,"INSURANCE",4820.92611608284,14.3875824551322,"Train"
"Country175","STABLE DEM",82.9048189889159,15.9716718026676,NA,36.4926580649209,491.57211126771,49.502944908902,13.2539219150031,26.7292815600511,63.8899839674087,"FREE",NA,16.6663937828257,"Train"
"Country176","STABLE DEM",67.5589373121616,20.0069355963436,39.3079891374406,35.2637230301724,507.352031574185,52.9316212026868,14.5536113270016,24.2299528690066,60.7988345194407,"INSURANCE",4824.69350605498,21.7525812497408,"Test"
"Country177","OTHER",86.9492670138545,13.7509653239514,NA,37.1629978355019,503.182910637055,59.5237927579283,16.1998453669003,23.9436577140477,56.143275955003,"INSURANCE",5088.87842389974,21.4196196086023,"Test"
"Country178","UNSTABLE DEM",25.2069783901702,20.3697636060235,NA,36.839759546044,496.152686042678,57.9899425238968,14.5738996266131,28.0563622150184,59.8762570189046,"INSURANCE",4781.1830533946,23.3287707234974,"Train"
"Country179","OTHER",63.4289493967223,17.0747997850989,33.8101777845788,35.7421706364797,491.06582047926,56.8224225937856,11.1905643079164,21.4010724751147,57.3616712493119,"FREE",NA,12.356843170783,"Train"
"Country180","DICTATORSHIP",NA,8.43192267790377,NA,28.5606413126621,513.142106162323,59.9205322736138,16.4549859636516,NA,NA,"INSURANCE",5008.61843638448,18.7169854570349,"Train"
"Country181","DICTATORSHIP",46.4215666780528,18.3309846828648,33.4244092182582,37.0442681359729,494.002180903602,53.4666009915721,12.271346563693,28.5907767303304,59.5583605492404,"INSURANCE",4726.84573534185,23.1245745071384,"Train"
"Country182","UNSTABLE DEM",106.148215588984,18.868197290671,36.3542331385461,40.0738251311578,495.446306901404,51.6376751168709,13.4925836395001,26.721873536937,-99,"FREE",NA,22.8256698685865,"Train"
"Country183","STABLE DEM",NA,15.3340147596772,34.0285041536401,38.0920277217196,491.971784530566,NA,13.4754953912859,NA,59.632162926587,"PRIVATE",14397.4896778455,13.8635783363689,"Train"
"Country184","UNSTABLE DEM",16.0171650579828,13.6192465957477,NA,NA,505.355313816414,NA,14.7399735181665,26.9479023916506,NA,"FREE",NA,21.580168670451,"Train"
"Country185","STABLE DEM",24.741693032807,14.4630144593519,NA,32.0340289281243,513.490224859353,59.4817006598668,14.8576765025156,22.5303181069379,57.9943809468952,"INSURANCE",5075.8432469321,21.6525712254825,"Test"
"Country186","UNSTABLE DEM",44.0478732802633,19.4638583244869,41.0332689965536,39.3761370369062,493.465517388826,23.6995590829138,13.6944964439665,23.2819122763695,39.2860972393976,"INSURANCE",4698.77384836681,23.2274640587712,"Train"
"Country187","OTHER",16.9624752947928,NA,NA,31.8008442913258,NA,NA,12.835701009873,23.5663193401604,63.1891057180024,"FREE",NA,20.6715684234281,"Test"
"Country188","OTHER",NA,NA,35.2497230159995,NA,509.738317238436,55.623336923294,12.8768977919908,22.6340108222872,57.2073302972509,"INSURANCE",4956.35518130204,23.1066231834836,"Train"
"Country189","STABLE DEM",NA,15.0657931208377,NA,33.7079762678553,NA,NA,13.5713315656222,22.3926766799112,63.7633882735868,"PRIVATE",15139.4584721162,14.8689119037319,"Train"
"Country190","--",NA,-99,32.3722506931191,NA,NA,52.5402612347762,NA,23.0014817012444,59.0827485569694,"INSURANCE",4941.49949975558,9.88644215045148,"Train"
"Country191","STABLE DEM",165.352819126111,14.8171050481852,34.3974997687363,33.2405784219411,487.712154647304,54.0883417211122,16.1906459661049,30.020043675336,53.4345808276272,"INSURANCE",4830.77529242293,21.1521173225681,"Train"
"Country192","STABLE DEM",NA,11.5183184912107,33.3963744158318,33.8604018396601,483.151118863705,55.0499445690658,NA,25.6021061175677,NA,"INSURANCE",5085.29544152915,11.6148177405536,"Test"
"Country193","STABLE DEM",18.8550315728446,15.2198612254416,34.1863889281788,33.0724210127353,502.69318497366,51.7206107249705,13.1900125937104,22.3492098254818,62.333449728078,"PRIVATE",15228.9597074031,16.6119931822841,"Test"
"Country194","STABLE DEM",41.3912605054168,15.6114548426374,NA,31.4557711886922,499.755333481168,60.3475262522662,14.8387962279065,23.1353105256168,64.1409262693248,"INSURANCE",5031.53319404514,14.110707769387,"Test"
"Country195","UNSTABLE DEM",23.256926868547,13.0032790439848,NA,37.5247798282197,489.408848834678,52.8791865934351,14.7221383435594,25.8382891152502,-99,"PRIVATE",15863.1578324422,15.5667693274557,"Test"
"Country196","OTHER",13.1503859021931,NA,NA,NA,512.889324358222,58.9616816648975,9.97784627915735,17.1542904433538,NA,"INSURANCE",4855.71397733878,14.443186503128,"Train"
"Country197","OTHER",15.8628078673187,NA,39.1305436093963,NA,484.142327315382,22.0431258088868,11.0305217883126,NA,40.5877710417495,"FREE",NA,16.1380481841694,"Train"
"Country198","OTHER",42.4606989717475,17.2643463188974,NA,37.7994074626484,505.058008021408,51.6486110655635,11.6773741262579,24.5633891382459,59.1290651544802,"PRIVATE",15794.3471020936,23.3230486978921,"Train"
"Country199","STABLE DEM",38.7528921689135,9.99457267805002,NA,36.5542108994867,489.541192646721,58.1759331345725,15.8934482913948,20.9912598510578,58.6125030265817,"FREE",NA,12.2866901619438,"Test"
"Country200","STABLE DEM",NA,15.7792947451363,NA,NA,NA,59.127910433988,15.7239410825989,23.7355758606785,65.3215647032355,"INSURANCE",4689.65193045912,22.6608493695508,"Test"
"Country201","DICTATORSHIP",85.6024832855854,13.5896314849081,NA,34.264224875077,503.779978204435,59.8058192599417,13.4286362088792,22.7889521081945,52.1750162685983,"INSURANCE",5145.34761774844,21.8488383040984,"Train"
"Country202","STABLE DEM",6.36844848002002,19.1552336382144,35.3943319167005,NA,486.447514822895,NA,NA,20.9439567385271,58.1018256672466,"INSURANCE",4784.91099123335,10.4796137246385,"Train"
"Country203","STABLE DEM",6.14797243072403,16.4107450745968,NA,NA,518.05723710038,NA,15.3470655581328,24.2916864339878,NA,"INSURANCE",5164.66404239742,28.130529358515,"Train"
"Country204","UNSTABLE DEM",65.1926334954662,19.4738578036102,35.7230034538018,38.7203138894222,522.424915454366,51.7597244033306,12.1120141044122,17.6853896910343,62.6170585611932,"INSURANCE",5352.61833519613,21.7832712316255,"Test"
"Country205","DICTATORSHIP",31.3479213339943,15.1933782156063,NA,34.1687079662982,511.170430181865,55.8957984766561,13.3038071815064,25.269559422834,54.572724483863,"INSURANCE",5097.40839233691,25.3155832978624,"Train"
"Country206","UNSTABLE DEM",NA,NA,29.6662821559672,32.8052486277867,501.289299886932,48.8364601362269,NA,22.2231788761057,57.8204393944664,"FREE",NA,13.6930957262879,"Train"
"Country207","UNSTABLE DEM",65.9134454095666,17.4354643041863,NA,33.3313529282384,487.856802036629,50.8531521253826,11.3194160193437,21.0859265673098,64.2633329150352,"INSURANCE",5164.62798818147,6.71169259929924,"Train"
"Country208","UNSTABLE DEM",17.1538037922506,12.7826040877936,NA,30.3992870757116,488.919944071987,51.1829022829017,12.5834599669217,19.584731857846,65.9502936894643,"INSURANCE",5015.35912112837,4.55545806656878,"Test"
"Country209","UNSTABLE DEM",27.0996890613911,14.0048883280942,NA,29.8085768647042,497.119956708169,56.6122787883304,14.9701707055535,24.7995106676112,60.8369124877013,"INSURANCE",4845.54955012284,14.0059265828266,"Train"
"Country210","STABLE DEM",31.566591237468,15.4767282936207,NA,35.0677586841592,511.849987926057,52.911160699544,14.4993714421091,21.5133339733454,64.7531436337894,"FREE",NA,18.4066448752648,"Train"
"Country211","DICTATORSHIP",NA,NA,33.6472395461225,-99,509.674077669011,NA,12.8526006869717,-99,-99,"PRIVATE",14498.5737907627,15.8335982452739,"Train"
"Country212","UNSTABLE DEM",234.375842408625,14.1905364660909,34.3501128053651,35.379085969759,501.850993120452,55.6648322626996,11.2486463679005,17.3456606012386,-99,"PRIVATE",14865.3847594024,12.116980696171,"Test"
"Country213","STABLE DEM",0.80327658166375,NA,NA,NA,497.719413238778,58.8939067200274,14.2504953381758,NA,58.1506226840136,"FREE",NA,19.5495880976251,"Train"
"Country214","STABLE DEM",NA,15.4230160740273,NA,NA,487.023523764304,NA,14.4483775110938,22.7593415328997,57.5396343577548,"INSURANCE",5351.6605607455,12.4272457527022,"Train"
"Country215","UNSTABLE DEM",129.809880930278,14.2725921807116,NA,31.6040070486253,510.958956792482,48.3753570232797,15.4220648959309,28.5727055971882,53.5997727015985,"PRIVATE",14842.0567809326,29.0317221017371,"Train"
"Country216","UNSTABLE DEM",NA,NA,NA,35.3814905606503,NA,51.9510476374456,14.0242061868162,23.3634206859409,58.2661445596909,"INSURANCE",5023.31421284473,24.0593978424515,"Train"
"Country217","STABLE DEM",20.3834426556352,13.9632969178385,NA,31.0714172986665,477.594087264154,53.8127765415416,15.3156462978979,23.4612132306204,56.8184932323102,"INSURANCE",5053.13662407341,8.92063376815939,"Train"
"Country218","STABLE DEM",49.7176866850282,11.6524757583722,30.5468685296724,35.1985796512177,489.173759781663,63.0245285700484,16.0642330320421,23.0522909611802,58.5150317369772,"PRIVATE",15004.5085613606,12.8551828810415,"Train"
"Country219","UNSTABLE DEM",13.0548573888375,NA,NA,NA,511.928432301924,NA,13.829423614146,23.1418730278841,62.8854169202922,"FREE",NA,17.6808287639794,"Test"
"Country220","STABLE DEM",NA,13.4582316853364,33.7540585208454,36.8420659400002,NA,51.7812804221084,15.3363033231696,21.0429713585347,NA,"INSURANCE",5100.3761325112,18.942180929425,"Train"
"Country221","UNSTABLE DEM",17.7122547767198,13.6579872932589,NA,35.8560586127611,505.722281997363,55.4826298546099,18.1129217863784,25.888956267193,-99,"FREE",NA,27.7620696382664,"Train"
"Country222","UNSTABLE DEM",NA,NA,NA,29.5767499722734,496.401942380146,54.2926372574315,NA,25.8828473362206,18,"INSURANCE",4707.60074756555,17.6410000155116,"Train"
"Country223","UNSTABLE DEM",95.2229088835253,14.5568564650099,NA,37.0702634413131,509.258025980676,58.6449365306804,13.7935227619871,17.3351615407087,-99,"INSURANCE",5166.86197557298,14.0793384356984,"Train"
"Country224","OTHER",156.063512424345,16.0197162654819,NA,36.7503041475108,507.274412126333,52.8703554856962,12.586770799727,23.3218754927312,57.5888630755273,"FREE",NA,23.6668973463465,"Train"
"Country225","UNSTABLE DEM",21.3002443053062,12.2955861827033,28.8229534729923,33.3703810339858,501.075265459295,59.1790674518634,13.6405345353634,18.5982186925635,62.4223992315686,"INSURANCE",4589.73763577029,10.7988723241236,"Train"
"Country226","UNSTABLE DEM",134.335112770505,15.2612320964069,36.4424496082611,33.9985015794542,503.157762942865,55.3917356703961,14.7205721081213,23.318388059517,65.2524051552803,"INSURANCE",5088.84111012083,16.3090990017616,"Train"
"Country227","OTHER",74.1623539324652,13.3133424355887,32.265638493118,33.6241871940623,509.59228292996,55.8456600473844,13.5140600538419,21.1553585795462,62.2810432135866,"INSURANCE",4859.46125959703,19.2044755478139,"Train"
"Country228","UNSTABLE DEM",63.7202906012225,11.5130473685324,29.5705278696866,32.9333117660622,491.341239718006,59.0846000412899,15.5553796756649,23.8765347913189,56.0019132948932,"INSURANCE",4928.14008924166,15.0757118604871,"Test"
"Country229","UNSTABLE DEM",NA,NA,36.2475391455351,37.092580872306,498.763471287301,NA,14.5049235405693,23.6209263727323,60.9776236236768,"INSURANCE",4797.10332593564,17.6796886978435,"Test"
"Country230","OTHER",12.7781746078805,NA,NA,31.2708619611314,NA,52.5712831003137,15.6943542328007,NA,62.3275823498329,"PRIVATE",14432.4059932057,13.536516671735,"Test"
"Country231","UNSTABLE DEM",39.6603911912034,14.3535155192407,NA,35.6391174553875,483.880383269516,50.4252839632808,15.1477168686851,26.5714027071745,60.8164942799321,"PRIVATE",14507.2610582003,14.0899492324625,"Test"
"Country232","UNSTABLE DEM",182.168560167721,13.8119820337866,31.9321528133917,33.0317185562197,519.527349143809,19.908257318536,15.4597550947442,21.8102923575259,39.9392642863019,"FREE",NA,28.3903155243413,"Train"
"Country233","STABLE DEM",192.793781751515,17.08539361893,34.5040092975225,37.0062959948123,510.128521954488,51.5898959362544,12.8075884184668,24.2896709295739,59.6460861277434,"INSURANCE",4861.35940854657,24.8454484155788,"Train"
"Country234","STABLE DEM",10.2256138834112,NA,34.3125692708767,-99,NA,58.5155455380104,17.0009144182512,-99,-99,"INSURANCE",4995.08129340957,22.6792924089138,"Train"
"Country235","UNSTABLE DEM",50.6320653774106,15.3555337131707,36.6305921514619,32.3337099722272,509.634777698656,52.7678637335736,14.2230573620826,22.5286875401679,-99,"PRIVATE",14571.3335266869,17.9568120744256,"Train"
"Country236","UNSTABLE DEM",151.793666225816,17.1798942771145,NA,35.2859264938048,509.276252528327,54.4378102907679,12.1083190285665,24.2327238960871,61.648838719371,"INSURANCE",4779.90924690737,21.7400725408443,"Train"
"Country237","STABLE DEM",181.576393583552,14.8942186379058,31.2567196426415,31.8685557536984,507.66490239592,49.4223972719177,13.1399722737575,21.3123789279891,64.8069403490372,"INSURANCE",5057.43959659972,17.8803019299034,"Test"
"Country238","UNSTABLE DEM",17.8548737977072,14.0028741039274,NA,36.3425709706418,504.594394325941,22.3524171404854,14.1045326105362,19.2591491046399,35.1682784159128,"INSURANCE",4984.58758075838,25.5316576903297,"Train"
"Country239","STABLE DEM",532.238205900786,11.8666662446296,31.9242703825615,36.12851575601,489.408547884193,58.6729450141347,14.0367429577224,21.7662417161478,56.7799399005051,"INSURANCE",5115.13500417325,12.1071110394314,"Test"
"Country240","UNSTABLE DEM",18.2547522705986,14.5358930402435,NA,33.2038619593976,505.182671078295,58.3033650524017,16.3999868099567,23.7279750678824,55.2321648103018,"INSURANCE",4769.23487018112,21.3177789502806,"Train"
"Country241","STABLE DEM",NA,14.7800118761431,NA,36.3517698429183,NA,56.630153590555,14.6648167643037,22.6301388118666,NA,"FREE",NA,14.3647927530448,"Test"
"Country242","UNSTABLE DEM",233.545152121076,16.6793658562906,NA,37.5620762650931,499.277956964964,55.1303702052927,16.5857344193424,28.438605809231,59.7877611503468,"PRIVATE",15328.1199229782,24.6823907739199,"Test"
"Country243","UNSTABLE DEM",NA,NA,35.7351239236433,35.613977192834,522.627770135772,56.9537117286421,14.2553265587782,24.0018402196297,NA,"INSURANCE",5162.69556096703,29.6446418383997,"Train"
"Country244","STABLE DEM",18.0379114979908,14.3980906913287,NA,33.0465211350054,489.281933434604,56.2843468407068,15.9914933230212,25.8645880759654,60.6846636067956,"INSURANCE",4914.47856623949,15.4555280497983,"Train"
"Country245","STABLE DEM",9.12399799636073,NA,34.6576892683524,NA,497.814147250704,57.7136465107807,15.1983903057686,NA,60.9673980454642,"PRIVATE",15519.2664601077,12.8653223811822,"Train"
"Country246","STABLE DEM",360.887480112496,13.6863467705764,33.3624578779246,35.8680661726017,495.38600586263,52.7179016242582,14.7180973466067,23.895874634966,64.5916979390437,"PRIVATE",15627.3600161878,13.9543503685496,"Test"
"Country247","--",8.6244900095859,-99,NA,NA,501.666992720645,56.1653665188227,NA,NA,65.2625665694366,"INSURANCE",5256.77933651052,12.0193694276666,"Train"
"Country248","DICTATORSHIP",17.1740762089751,11.0269252973806,NA,33.4524708598352,513.198885398176,59.3754023764899,14.9615955899635,20.7498135316641,55.7812357993544,"INSURANCE",5063.21147813689,21.7991425050356,"Test"
"Country249","STABLE DEM",4.95792454255809,13.7085291077519,34.0714130359888,37.3871966588212,488.506505052265,57.5270536225674,NA,NA,NA,"PRIVATE",14711.6378565168,13.117583603819,"Test"
"Country250","STABLE DEM",82.8060780039805,14.5021347218733,NA,36.6967607064046,510.579787692959,51.9047294197664,12.3362772689788,18.1858597578334,57.2810453816619,"FREE",NA,19.2695975383407,"Train"
"Country251","UNSTABLE DEM",32.9851585513921,18.1766308707451,38.6432085602932,37.2628063421485,506.850568528663,54.1391534860819,14.6561488104807,23.5840824126218,61.3090947510645,"INSURANCE",5154.05317771066,20.4526944198711,"Train"
"Country252","DICTATORSHIP",1.60942262529337,NA,34.8218764732776,NA,502.328623443718,62.3209013428244,13.7703175991181,NA,59.3587240676077,"PRIVATE",14552.0241858579,10.9696415576667,"Train"
"Country253","UNSTABLE DEM",53.0941692476959,13.5814709303603,32.4929855911475,34.5489926391957,503.291822882352,52.8015329063219,15.7891684849937,25.4744478710845,64.2502405430734,"INSURANCE",4950.86814859462,21.134968033059,"Test"
"Country254","UNSTABLE DEM",106.219539779181,16.1100224567474,NA,33.7417122780006,501.826381689547,49.0124448908172,13.2753927560212,23.2965377546806,63.0384571270205,"INSURANCE",4988.73368336971,16.5155775168456,"Train"
"Country255","STABLE DEM",22.1418536385989,12.859314486746,NA,34.3865111289532,495.877382207473,50.2653862193508,12.0638591936848,22.8771440808282,60.3869277633965,"INSURANCE",5214.96409272632,16.1642434739465,"Train"
"Country256","STABLE DEM",37.6544441597315,10.8772211217675,33.9788449242769,33.590124453975,500.936376379519,54.2981433014401,16.114522237814,22.7961633898914,55.1642969391196,"PRIVATE",14846.5601209922,16.03126955632,"Train"
"Country257","STABLE DEM",3.93105139585123,NA,NA,37.0549865240164,NA,61.4154132228205,15.0045979436652,23.3011106738173,NA,"INSURANCE",4778.8452116274,21.7527083134181,"Train"
"Country258","STABLE DEM",62.8042418736104,13.2829816656259,31.1572028191406,32.0785684270618,509.001553963813,53.2306452013394,12.0721341638319,23.5705179705883,57.5516522453796,"FREE",NA,20.2657060222536,"Train"
"Country259","OTHER",363.855523195306,15.5598573064097,36.4682963638802,31.3303914339463,490.03512801801,53.2732354631869,13.55343833261,24.9776039448676,60.5517872303195,"PRIVATE",14858.9881594861,13.8951050785261,"Train"
"Country260","OTHER",30.0375414345204,10.5779907306991,NA,34.7506465409993,516.994137685148,61.5278339536672,16.3682517754766,21.016251915037,57.882167924903,"PRIVATE",14844.9990251775,23.6310948526401,"Train"
"Country261","STABLE DEM",39.7666990056002,15.306200801096,NA,36.9955087965294,511.511081417724,61.6549657864396,13.1872494854571,17.3213077963122,59.8742973156488,"INSURANCE",5085.02050151948,16.0696611930557,"Train"
"Country262","STABLE DEM",5.35041494199224,13.2118196623156,NA,35.8246907680636,NA,NA,17.4181104582518,24.0733343195862,NA,"INSURANCE",5244.32707829539,21.8351667723618,"Test"
"Country263","STABLE DEM",22.6800782511365,14.5520063264877,36.5118240256934,35.5578594664274,505.613902866367,54.5897250218424,14.6460272930688,22.7972646793385,58.0593146171771,"INSURANCE",4975.42981299761,23.1023136611899,"Train"
"Country264","DICTATORSHIP",69.0323491721012,15.9701279170687,34.6319089554641,37.3482943667468,485.518454627739,56.7357524150384,13.5579657873056,20.8026836729303,64.4127912537443,"PRIVATE",14355.3848518185,8.79906718469686,"Train"
"Country265","UNSTABLE DEM",354.906902726594,14.6300955357123,NA,36.6422611827666,506.337347285157,57.9137315452139,13.7541707129436,21.0022471323397,-99,"INSURANCE",4676.38331122756,20.146827455083,"Test"
"Country266","STABLE DEM",3.38978585090704,NA,32.0845944272119,NA,498.700114785369,NA,12.6312794795902,23.1820241784977,55.9991782740404,"INSURANCE",4959.6472234445,18.2274987076013,"Train"
"Country267","UNSTABLE DEM",469.180977283803,16.2653738071805,NA,34.050468022939,490.143738500161,52.5163144084524,11.9031152351239,25.0714861374495,63.1292028576538,"FREE",NA,12.2007454724098,"Train"
"Country268","STABLE DEM",35.9655065499677,15.5065452502974,34.3533144133944,36.6981777647792,487.099584754029,49.4278126147093,13.8493173490527,26.7552075736552,64.2560035071791,"INSURANCE",4867.83693407369,17.7374912288675,"Test"
"Country269","STABLE DEM",49.4469652520478,17.290478834135,NA,33.4510621514632,483.312647724713,54.577924459424,14.0265192994694,24.8378744999378,60.7218738888354,"INSURANCE",4845.28982216755,11.7632299515874,"Test"
"Country270","STABLE DEM",4.70233187499012,NA,NA,-99,NA,54.4693008776275,12.1015168855317,-99,-99,"INSURANCE",4890.48276295948,15.0355765354499,"Train"
"Country271","--",12.1861271627434,-99,35.0684897233754,NA,NA,NA,NA,21.9472186095762,59.5190838747268,"INSURANCE",5300.41232337501,16.31844131859,"Train"
"Country272","STABLE DEM",186.124002640867,16.807716333067,NA,34.4144808769599,505.357113359224,52.7305989863283,11.303228373422,21.5709400867333,56.1805119060563,"INSURANCE",5237.3569570853,20.51756752873,"Train"
"Country273","OTHER",9.19790756050703,11.3685656300794,32.2167903416832,38.1130086248061,NA,56.3420348100215,14.5682075309976,NA,NA,"FREE",NA,20.8717604799896,"Train"
"Country274","UNSTABLE DEM",38.3074826138927,15.1242506373056,36.1591335941006,34.1118285419064,494.412256052848,50.8818132203217,12.6353623095755,23.3953328067523,58.7007503661264,"PRIVATE",15215.0775132462,14.8929514468757,"Train"
"Country275","UNSTABLE DEM",49.4998259294431,14.3464214661066,NA,35.360596476319,500.298504103512,54.0718216011066,14.8124152879268,20.7959469514665,60.6303275812485,"INSURANCE",5123.60429648117,14.1249434443285,"Test"
"Country276","UNSTABLE DEM",NA,18.0904951783668,NA,NA,515.504672503622,59.2856636326725,13.0631221943892,19.8567674574111,NA,"INSURANCE",4890.1720839585,21.3357882308651,"Test"
"Country277","STABLE DEM",NA,16.8543145534783,37.0323008517669,32.3166259992318,502.905654366093,NA,13.4511864082379,NA,59.7350196648526,"PRIVATE",15230.4791079111,19.1604152919475,"Train"
"Country278","OTHER",520.672753123334,16.5851739180282,NA,35.910067251117,504.354615438692,54.8026959400691,13.2576836830163,24.1387807481101,60.7135449136065,"INSURANCE",4982.82895472353,21.3088251946686,"Test"
"Country279","OTHER",40.8714363169224,11.0563885156512,33.5161454290202,30.1519088912474,499.966531836513,47.868348633316,15.1237745007996,24.0011681968277,62.0743637672567,"INSURANCE",5387.50456793931,14.8077154195114,"Train"
"Country280","STABLE DEM",20.4202275220569,16.5134802799074,NA,37.3537553770357,507.919723423499,21.4040604194317,14.8172863643228,23.8066731993853,32.8591568207093,"INSURANCE",4765.64589803345,35.6820731692429,"Train"
"Country281","UNSTABLE DEM",5.52854923234901,14.6671684328153,32.9306155874905,NA,NA,60.8243254485637,NA,21.9087229631767,65.6372914550129,"INSURANCE",4895.50401818159,11.4378478620624,"Train"
"Country282","STABLE DEM",NA,12.919253329114,NA,NA,497.971239986278,59.8708697369156,13.9351553639959,NA,58.3404316912481,"INSURANCE",4712.11306719353,18.6511909869695,"Train"
"Country283","UNSTABLE DEM",102.792776881873,12.6970108622949,NA,32.6526407095541,503.586451386502,53.0267252255115,17.7216157624039,27.5146009734357,57.5600095556885,"INSURANCE",5296.15889523087,24.1549309704436,"Test"
"Country284","UNSTABLE DEM",40.1107395557268,12.821058505297,NA,33.6408915386184,494.035259166838,52.0949379141712,13.0832688606504,21.801819474657,57.3507831826631,"INSURANCE",5114.86131846589,13.7721632785718,"Test"
"Country285","--",NA,-99,NA,33.5556725484782,NA,NA,NA,NA,NA,NA,4612.68439037443,14.1182610229332,"Test"
"Country286","UNSTABLE DEM",7.38298411339029,16.2775134669357,NA,NA,506.282920880998,NA,NA,24.5056545923858,-99,"INSURANCE",4833.10036623214,21.9219152294139,"Test"
"Country287","--",NA,NA,34.2048417396293,38.6153255574706,484.149726743082,52.1293538974199,NA,22.070181514535,NA,"FREE",NA,10.8322722587712,"Test"
"Country288","UNSTABLE DEM",59.1306129851191,11.2173814613329,NA,31.0953474456265,505.416901092585,53.4036615476295,17.0684140502106,26.9378994334375,62.2921398082869,"INSURANCE",4813.60967082144,22.2689238198791,"Train"
"Country289","OTHER",14.9896337165959,NA,NA,37.3191677120242,496.059876373666,NA,NA,21.4100961163588,55.304785592714,"INSURANCE",4802.11808131965,17.2832721932578,"Train"
"Country290","UNSTABLE DEM",26.9710209053207,16.7523193574836,NA,30.7828647886779,510.560432915819,53.3798058962336,13.4709138050949,25.4948949983044,58.2796492698448,"INSURANCE",5144.7523936435,24.0028402911606,"Train"
"Country291","UNSTABLE DEM",23.4339425232492,15.8433348154007,33.7278207140003,34.1669507253437,508.469319926045,64.0262399544772,14.6816708624789,20.2549503929389,59.7245751662971,"INSURANCE",5117.21830263794,17.4541906990342,"Train"
"Country292","STABLE DEM",15.8542804629383,NA,34.3259512484166,37.5390255355992,NA,62.1688965872356,15.6153228554443,18.8999565876678,NA,"INSURANCE",5058.43556542209,17.4766704004064,"Train"
"Country293","UNSTABLE DEM",164.858345492183,14.3084861836512,NA,38.7726684920421,521.367312992303,58.6781527783944,15.3677428375763,20.5105852373912,63.8325344564277,"FREE",NA,24.4458963090397,"Test"
"Country294","--",0.750262796534109,NA,NA,33.240010555999,NA,NA,NA,24.3644219104183,59.0316100593009,"PRIVATE",14635.0275378281,16.5098351354934,"Train"
"Country295","STABLE DEM",29.1223992971538,15.1610925402468,NA,37.6373769940837,507.661264702208,58.4792993080672,15.0165670464242,23.9975226594526,61.3614227902778,"INSURANCE",4806.13863399564,20.7496748437445,"Train"
"Country296","UNSTABLE DEM",32.1648514357356,14.0624317871602,NA,34.9390985224962,502.533058603513,18.0693741892486,14.3083354971911,20.8919616433156,36.048789431884,"INSURANCE",4744.99563337186,24.6812255118878,"Train"
"Country297","OTHER",350.486394804085,13.0892662202013,NA,37.3766295563434,503.51045212717,62.0669659236549,18.6146748128446,27.2865227420126,53.9849184037131,"INSURANCE",5066.54817585985,27.2835492416839,"Test"
"Country298","STABLE DEM",74.5556844511995,11.3107331247032,NA,33.3205192866812,505.720021717204,49.7382448732834,15.9280231816222,24.8428567872886,62.8591920859884,"PRIVATE",14549.517224698,20.5301137443028,"Train"
"Country299","STABLE DEM",16.1070330770717,16.7150394268474,34.9171986099511,33.621218270454,NA,54.4165909504551,14.0843705677177,NA,NA,"INSURANCE",5102.0751029845,21.3500090706425,"Test"
"Country300","STABLE DEM",9.04180804824232,15.5133642102683,NA,NA,NA,NA,13.0827313585981,25.4395680744361,57.4466626827211,"INSURANCE",4973.34573794128,22.5442837424111,"Test"
"Country301","STABLE DEM",34.2999581510438,16.2470117912181,NA,38.8339224942601,492.734536799003,52.414127618618,13.7115448633183,26.0567266581841,61.6794392491162,"PRIVATE",14764.3799358494,18.5532875350373,"Train"
"Country302","UNSTABLE DEM",31.1163796251598,13.4722805922336,NA,37.0766360160784,497.410176374889,54.6303260998165,13.8453168613886,18.928976077146,64.4465958880062,"FREE",NA,10.9657675297492,"Train"
"Country303","OTHER",11.5597130271412,15.4468843828624,NA,NA,492.105896238503,NA,11.4887296699848,23.979375286766,NA,"PRIVATE",15128.3018009399,16.2651424982464,"Train"
"Country304","STABLE DEM",13.6627815559093,14.5405409156172,NA,NA,NA,NA,13.6126512437654,21.3015275641554,56.7803851453206,"INSURANCE",5194.86233113721,18.0480455004713,"Train"
"Country305","OTHER",28.6147270209741,16.6188005485403,37.5850503342774,34.6181279377821,508.163012265035,47.0930575329023,14.1240916126903,26.4311211636787,62.1131781530167,"INSURANCE",4582.14290702338,24.512372207396,"Train"
"Country306","STABLE DEM",NA,NA,NA,30.1562602482858,491.578883237777,55.5940534191031,13.1642566097692,NA,63.1777699905055,"INSURANCE",4936.35470729411,9.28414298701275,"Train"
"Country307","STABLE DEM",38.6512555519945,11.8294729623821,NA,35.0303849944628,493.38199167817,24.3626601830972,13.276426253798,19.7985793741459,36.1191396805523,"INSURANCE",4974.51205293115,20.4136389661663,"Test"
"Country308","OTHER",8.19919310274249,NA,NA,NA,498.713103731867,55.6952332065378,14.5089104724041,25.7851152447839,NA,"INSURANCE",5067.14037821993,20.0808278475742,"Train"
"Country309","UNSTABLE DEM",18.1679701597057,13.4882169845873,33.6433424427817,31.011358013087,493.783328408501,48.1017901617591,13.6094273504376,26.3232078148517,59.2647767158375,"INSURANCE",5135.42352374964,17.6894297419918,"Train"
"Country310","STABLE DEM",59.5900533531043,15.6681883593862,NA,33.4339857110548,499.723222305317,55.0628168030882,12.5295033623569,22.3668211163847,59.1176292984065,"INSURANCE",4835.20736171242,14.6782110597346,"Train"
"Country311","UNSTABLE DEM",68.4660488740133,17.0036435946867,36.6938090173689,41.1403854864389,501.338606105192,57.2849002475525,12.1699776263307,18.7080305099813,-99,"INSURANCE",4826.00695767919,14.938893159416,"Train"
"Country312","UNSTABLE DEM",8.25802166547504,14.0087785346393,32.7346159024473,NA,507.700612336654,60.165137506814,NA,24.8567193206755,NA,"FREE",NA,22.9939029730381,"Train"
"Country313","UNSTABLE DEM",4.00025583785306,17.3514389068913,NA,-99,NA,52.3350028400041,NA,-99,-99,"INSURANCE",4828.02927279625,16.5149855753127,"Train"
"Country314","STABLE DEM",NA,15.784192197406,NA,NA,517.74064514612,63.4801751980897,NA,20.5243208496968,53.8977519518676,"INSURANCE",4740.10951828134,25.7961182889427,"Train"
"Country315","UNSTABLE DEM",NA,17.386575222781,NA,NA,NA,61.7620453193034,11.9301220254848,23.3167947253875,56.576758496566,"INSURANCE",5174.18372078671,24.7165620085581,"Test"
"Country316","STABLE DEM",26.3280823752378,12.6285905673669,32.0665656650768,33.6735993321581,506.834568628742,59.2363156573712,15.086138165335,24.45566449281,18,"FREE",NA,21.8039314192154,"Test"
"Country317","UNSTABLE DEM",40.6287942882859,15.0466837713053,NA,32.7278331492966,480.890398435598,50.8566487236558,11.6525148415349,21.4716229262231,64.3916671106649,"INSURANCE",5132.36269576306,5.55353660960808,"Train"
"Country318","STABLE DEM",21.7151553441674,12.5184928545013,NA,32.1798016501947,502.387794531144,61.7630768781016,17.8182534583903,22.547339389894,62.2234890815353,"PRIVATE",14902.777028691,16.129026206117,"Train"
"Country319","UNSTABLE DEM",7.70866198995784,18.6650486902981,35.043175526291,NA,505.792209190827,NA,12.024644288103,21.8980182494431,NA,"INSURANCE",4839.78514949178,22.2488380004736,"Train"
"Country320","STABLE DEM",39.7893012937023,15.1722900434073,NA,36.9486140909105,503.286153175983,62.5514398364855,17.2922815188162,24.3758291538567,59.1889610371866,"FREE",NA,21.7526580503824,"Train"
"Country321","STABLE DEM",26.2952470390603,14.6561975874856,NA,33.4254912115506,493.205981288302,51.6279208632457,14.3094820199402,26.0688741551325,62.2650464815618,"PRIVATE",15528.0869455557,15.2892506948067,"Train"
"Country322","STABLE DEM",NA,NA,NA,NA,498.857443075947,59.1167151081536,13.9034968922447,19.9826215307736,59.5208838163686,"FREE",NA,14.4642689806555,"Test"
"Country323","STABLE DEM",28.7379166085691,12.0694758096736,32.0537208788684,36.2410222041,507.456002037818,55.3520615085992,18.2266116929391,26.4347490695836,64.3915338939477,"INSURANCE",4904.89687495455,25.5746677694027,"Train"
"Country324","STABLE DEM",44.997611212394,15.006133636774,35.6741400706937,34.8631342130026,483.141467262702,53.1842241184013,14.6380081190235,21.123080419137,64.0349458390676,"INSURANCE",4919.21541445681,6.99249674841498,"Train"
"Country325","OTHER",16.9113375622175,NA,NA,NA,492.226509903508,50.925886350954,NA,26.9780052526179,58.6927927164234,"INSURANCE",4781.21971942525,15.0486156320547,"Test"
"Country326","OTHER",52.1896306716627,13.6354087170548,NA,33.674270566711,488.183548918228,54.7521238093971,14.2081009620021,26.1728129938121,58.7641209311041,"INSURANCE",5517.85303880566,14.868108123933,"Train"
"Country327","UNSTABLE DEM",32.6240489437034,15.4290789183886,35.2882541490814,34.7878243255538,503.432332616644,55.1438375251863,14.1342906649565,23.0242322649363,-99,"PRIVATE",15317.6489212205,18.0538220676246,"Train"
"Country328","UNSTABLE DEM",22.3617353418187,14.8203121540454,NA,36.1200814961867,496.961439158991,57.1066457570463,11.9112802635323,17.8570187061668,66.5794545329443,"INSURANCE",5410.84823711539,6.88792522694127,"Train"
"Country329","UNSTABLE DEM",79.6650457477876,16.4549074172637,NA,35.8206624967779,502.835975945256,55.2275294574003,11.4556636681229,21.0589076307425,57.979302373432,"INSURANCE",4683.39417227734,16.1287796672334,"Test"
"Country330","DICTATORSHIP",22.8662242267691,15.8189596992441,NA,36.9610476501263,497.39330180982,59.0500677992417,13.3256090813161,22.8933771122477,58.6590421653622,"PRIVATE",14332.0227016366,16.8405457560492,"Test"
"Country331","UNSTABLE DEM",36.3757985092218,14.9146704670747,NA,33.6846244928844,489.022697723403,52.5760207960481,15.1740104849302,25.0578632977536,-99,"INSURANCE",4972.89894087344,12.6977447813013,"Train"
"Country332","STABLE DEM",68.8438394393619,11.1907732544984,28.9722655330966,32.8587972465419,503.065007333487,58.1600335537057,15.3351969894296,23.00897698181,58.0960777833185,"INSURANCE",4992.49437815234,19.2936758959801,"Train"
"Country333","UNSTABLE DEM",19.8546982005252,14.5489363123196,NA,34.6661434001449,504.27037213519,57.5560989277141,13.7424683314004,21.6049745570941,-99,"INSURANCE",4576.74462154012,18.7234024314316,"Test"
"Country334","STABLE DEM",46.1461788246093,9.91590738475511,30.4875487650389,30.2032387517153,498.984910639294,53.8664212072799,16.6760860394301,25.7205531743097,62.1953071787189,"INSURANCE",4800.1655096392,14.9810536848321,"Train"
"Country335","DICTATORSHIP",50.2124730656473,17.8626829524235,NA,35.8037211123262,499.2135562644,63.8908175359638,12.5682069309073,20.0555126402736,60.5934967604628,"PRIVATE",14117.433858003,13.2411614667134,"Train"
"Country336","--",NA,NA,30.1561970625576,34.0085319508832,500.435486952847,NA,NA,23.6623731196991,57.8820585224635,"INSURANCE",5435.35153067967,18.5111914519472,"Train"
"Country337","UNSTABLE DEM",45.9485553715835,13.9471460109893,33.1214488929404,34.450814770919,501.104941685575,58.3356291756397,14.2610804987684,22.1679741157088,59.4206275483555,"PRIVATE",15539.8062661599,14.5617233618487,"Train"
"Country338","UNSTABLE DEM",164.837237047369,14.6015177198169,NA,38.1432809888507,481.654333840297,53.4221320048942,12.9084360074328,21.956203175699,65.23253206709,"INSURANCE",4868.588875039,9.32932724928491,"Train"
"Country339","UNSTABLE DEM",54.0828625333234,18.1328355629357,NA,39.0744651738034,490.733835736106,55.5966740386975,9.52753496945903,20.9986561423607,59.6655209032897,"PRIVATE",15098.9409873137,12.6952171714654,"Train"
"Country340","UNSTABLE DEM",NA,15.4765143893749,NA,35.3335883552881,503.111479552436,55.4410132006342,NA,22.6430135781147,NA,"INSURANCE",5126.1948098998,21.0800346075916,"Train"
"Country341","STABLE DEM",2.97684545498056,NA,NA,-99,NA,NA,13.7406213583889,-99,-99,"INSURANCE",4668.36251233428,14.2932884403892,"Train"
"Country342","STABLE DEM",53.8637652073247,12.7053899676509,35.1363283221727,32.2410434405811,493.908448511014,55.6049945478171,14.6564466040216,21.6336405299242,18,"INSURANCE",4955.72060635754,9.53092461666015,"Train"
"Country343","UNSTABLE DEM",179.697969835374,15.7448727215025,NA,34.4032010809637,499.834096788359,54.035883922864,13.6616235908874,22.0954078513897,64.2055170472045,"INSURANCE",4494.04346800385,16.2593705776152,"Test"
"Country344","OTHER",32.2341809826527,14.0877987333092,NA,32.3126646742105,506.749144536834,26.3455876766314,15.6788977727511,19.4665720618541,40.3659003451259,"PRIVATE",14885.8100013522,20.0972208882015,"Test"
"Country345","UNSTABLE DEM",49.0469096287104,15.2766309129467,NA,37.2789449101367,500.668095745822,56.6179339254301,14.5925849861569,21.6672167363809,62.5767507275156,"FREE",NA,17.8294414950413,"Train"
"Country346","UNSTABLE DEM",15.6670986140077,15.3239338470835,31.0747322321809,28.7783515110124,NA,NA,10.0677151914954,17.5845086644784,NA,"FREE",NA,4.85109338637625,"Train"
"Country347","STABLE DEM",20.5330181603588,16.5271224731779,NA,33.8397622618729,496.126703026336,54.1199377501099,12.0213353635448,22.9167596762556,53.4708897844024,"INSURANCE",5178.02382669505,17.7134209087029,"Test"
"Country348","STABLE DEM",19.920582468916,19.7856597138167,NA,40.1755741694927,504.868809400275,55.0915220340813,9.70087104269473,22.2969038241807,58.1011239210853,"INSURANCE",5098.01644982066,22.963030719391,"Train"
"Country349","UNSTABLE DEM",235.2283088417,15.4160270377029,34.5409107938051,36.3826182266222,494.774515575082,53.8669305249407,10.6625736152508,21.4773629950585,-99,"FREE",NA,17.9923900285096,"Test"
"Country350","UNSTABLE DEM",4.88801938980459,14.8061865715266,NA,32.4236928119857,NA,NA,13.7145010988808,NA,61.8256476879257,"INSURANCE",5045.43798325161,18.6726970476365,"Train"
"Country351","STABLE DEM",123.857582457174,14.7869761682658,NA,35.6036418302583,491.365026837736,59.6732606304937,14.8406094727975,22.6688105157249,57.4523652684393,"INSURANCE",4868.29921435664,13.887910998345,"Test"
"Country352","UNSTABLE DEM",46.4598827807947,12.7244684045955,NA,31.1479317460612,489.396936455445,48.4629712695508,11.9294807699006,21.3174373521223,58.734501900066,"INSURANCE",4883.52214949141,9.48144207826727,"Train"
"Country353","UNSTABLE DEM",14.6899289267346,NA,31.1224471994457,NA,517.41507121884,56.2702991759249,NA,20.2107352080064,61.1053319350113,"INSURANCE",5202.59057748069,19.3516029642337,"Train"
"Country354","STABLE DEM",NA,12.8701443328855,NA,-99,491.842223701579,NA,15.0087133736899,-99,-99,"FREE",NA,10.7382420854878,"Train"
"Country355","STABLE DEM",9.76812517117946,15.0365915335291,NA,NA,NA,NA,14.6885328750392,23.1900748166267,60.1505116893859,"INSURANCE",4719.9770137244,19.8842797658395,"Train"
"Country356","DICTATORSHIP",15.1335374980179,9.38411556411148,NA,NA,NA,NA,NA,NA,NA,NA,5307.52499665772,17.5170965817555,"Test"
"Country357","UNSTABLE DEM",14.4144836583264,15.4921281828941,NA,NA,498.632608185727,60.9820284657855,11.4375514717063,NA,NA,"INSURANCE",5221.78411729071,11.2035862532059,"Train"
"Country358","UNSTABLE DEM",NA,14.9985342484125,NA,35.1584637568551,515.761263201332,57.0640787840154,NA,21.8180406594358,NA,"PRIVATE",14708.6208574026,20.7286400484935,"Train"
"Country359","UNSTABLE DEM",23.728724995776,20.2358085681406,34.8065428061171,35.5825386436774,524.525651977159,55.2360379727512,11.7425545437116,25.5869761883147,61.1142419195857,"INSURANCE",5039.67561618126,30.2631763903085,"Train"
"Country360","STABLE DEM",14.0259124766594,12.7265000463158,NA,NA,489.584860063096,NA,13.3561726940543,16.6776577491631,NA,"PRIVATE",14009.7131108636,4.25280984555468,"Train"
"Country361","UNSTABLE DEM",32.12924393871,13.7375454852542,NA,35.8139174870531,490.816029218877,60.1199837832224,15.545598770722,22.5359096852146,56.0943732475717,"INSURANCE",4942.20609351553,15.297303610177,"Train"
"Country362","DICTATORSHIP",3.46909085666903,16.9124840418116,NA,NA,496.063232474334,54.2858476563059,NA,NA,66.6322096797462,"INSURANCE",5102.00172481005,12.4843438406041,"Test"
"Country363","UNSTABLE DEM",NA,16.3016937154075,32.2696182486085,38.6053355651215,498.109000500576,53.1520581326033,14.0217363548889,NA,NA,"INSURANCE",5314.49757290771,19.4231749991701,"Train"
"Country364","UNSTABLE DEM",NA,NA,31.9387988759903,39.9919503343557,511.739701289969,NA,12.8880320276939,18.6379191364454,-99,"INSURANCE",5334.45638545545,18.5600919526218,"Train"
"Country365","OTHER",85.4445535972778,20.1262694005602,NA,40.5500950596675,492.856232406028,56.9021435484861,13.7450661121786,25.2970115008152,60.516109403227,"PRIVATE",14217.7394988619,18.6537712119528,"Test"
"Country366","DICTATORSHIP",69.4436557100103,19.1456216522523,NA,36.674685565329,507.271049644532,49.4423884978204,11.8920784077015,22.5324916991524,62.7760022846356,"INSURANCE",4747.56513173883,20.3550381557678,"Test"
"Country367","OTHER",23.1602812759092,18.2052581824733,37.0917688089501,41.7582978215519,517.178753471837,56.5792496415231,13.1490272542127,23.3525622645138,61.6671017230664,"PRIVATE",15050.197916261,27.4771982956416,"Train"
"Country368","STABLE DEM",50.6658700071118,19.9349244383697,NA,35.4020299188137,500.873486014824,53.6686468323466,12.4931836288674,26.1165070323975,63.876804598605,"PRIVATE",15200.6102648281,17.1382192922788,"Train"
"Country369","STABLE DEM",28.4156284376569,14.4352794387322,NA,38.6076871281372,491.597376270394,55.8236566380654,15.6188367847014,23.9077117699555,58.0557231641493,"INSURANCE",4928.33608836498,15.8516655987349,"Train"
"Country370","UNSTABLE DEM",702.512802795918,17.2600448933241,35.5607665613814,35.8542093802007,489.627068321267,59.922290733158,15.6136164812959,27.9294106765024,59.5755598973468,"INSURANCE",4992.5634854895,21.1439549060937,"Train"
"Country371","STABLE DEM",13.5850026428861,13.2834335828941,NA,NA,NA,NA,12.2401856427678,16.8516477170333,63.7037053117189,"PRIVATE",15773.4239319651,10.90053172872,"Train"
"Country372","STABLE DEM",51.3159764640982,15.7280598673201,32.9353224761589,36.3047367797299,511.709001616137,51.7815382083292,12.6359752615873,22.1926943948377,59.0225051992899,"INSURANCE",4864.4197020035,22.3369561813259,"Train"
"Country373","UNSTABLE DEM",57.8279258425006,16.9488322697865,36.5956014040699,37.3531694998316,486.518732784443,58.8009426186579,11.813985092111,16.192527422824,62.9151254702425,"INSURANCE",5141.68409469616,3.66835268299308,"Test"
"Country374","UNSTABLE DEM",123.195972258129,9.59198302015567,NA,31.854807405303,509.270111774348,56.1958697249557,16.9560246880948,22.7049468840671,-99,"PRIVATE",14832.772505801,19.3611537099702,"Test"
"Country375","STABLE DEM",6.02712815069274,13.6699186631501,NA,NA,NA,63.0446279796084,13.8402009890102,NA,51.7662953485399,"INSURANCE",4964.96010506113,22.4394805851284,"Train"
"Country376","UNSTABLE DEM",147.164427775352,14.2280154148753,NA,35.6235632241675,509.280614024201,58.417169431176,13.0567756073409,22.3245644552846,58.1482037972915,"INSURANCE",5093.26339108473,21.3715880337495,"Train"
"Country377","OTHER",22.8081169623439,10.4160861618202,NA,33.645441912345,500.461105467449,58.9554714032807,18.2296124431572,23.3946175017573,59.6414037939282,"INSURANCE",5243.01808199807,18.7107311554205,"Train"
"Country378","STABLE DEM",12.9347488715029,NA,34.4213730684646,NA,502.444409991471,57.7971959327124,14.9577218883351,NA,61.416509065729,"PRIVATE",14568.5650183169,18.3967797948982,"Train"
"Country379","UNSTABLE DEM",30.6315297068745,18.0705339603751,NA,37.3430669213003,484.278908147229,59.1797372381782,13.0335871039121,23.74636966837,-99,"INSURANCE",4565.20930876117,13.6594850666067,"Train"
"Country380","OTHER",51.1233405270431,11.9121060538655,NA,31.2248868876059,505.220217575152,55.7424032778859,15.2393026438989,22.2887211175672,59.7897660864529,"PRIVATE",14360.658277454,16.6846802108354,"Test"
"Country381","DICTATORSHIP",31.3885456133252,18.6177977728811,34.1067110713735,36.5006829954573,504.891797348857,55.2632556269971,10.662359152858,21.3810391215791,60.9531312818059,"PRIVATE",14885.3327998788,16.7139443613076,"Train"
"Country382","STABLE DEM",40.8420938796116,18.2327388685482,35.910591862849,34.1147102960222,484.982889998131,56.2554049262928,10.0555185849289,17.3446739892394,59.3601553735448,"FREE",NA,3.29141625747981,"Train"
"Country383","STABLE DEM",25.1716609102875,15.6198025354359,34.7613196635227,38.2300100034994,490.613612325297,54.4740410477731,13.7018380582027,21.5484770915049,63.9694993160539,"PRIVATE",14617.1074315656,12.1844132044821,"Train"
"Country384","DICTATORSHIP",24.1836836319091,16.0784728781174,NA,36.226157612785,511.051984774651,50.1233039112201,12.9631524188245,24.0247101899535,62.944320745326,"PRIVATE",15673.4247027002,21.1046705089483,"Train"
"Country385","STABLE DEM",NA,14.6009121864673,31.803215498882,33.4718019459512,NA,57.5317607993058,14.0712531763944,NA,56.5655050214217,"INSURANCE",5211.68299894402,22.8603971395153,"Train"
"Country386","UNSTABLE DEM",10.8996188537669,NA,NA,-99,488.008245138979,22.1090117029634,NA,-99,-99,"INSURANCE",4984.45534121574,20.3362317775127,"Test"
"Country387","UNSTABLE DEM",17.1564769873431,12.3652109800012,NA,37.1059873649326,488.822538556219,63.2015460168431,15.6868999671325,27.1484615721882,57.2285227371706,"FREE",NA,21.1361411655227,"Train"
"Country388","UNSTABLE DEM",43.2891787411513,17.785619739543,37.5420265933985,36.3271895275387,493.808818835986,47.0740403562734,11.0917276664887,25.1242567818813,-99,"FREE",NA,17.4594278249666,"Train"
"Country389","UNSTABLE DEM",8.10500576306217,NA,33.6156848969041,-99,497.825515839088,25.2121286116971,11.355978852783,-99,-99,"INSURANCE",4963.46741022658,23.8548065014924,"Train"
"Country390","UNSTABLE DEM",232.713290922012,17.5606085661654,NA,36.7258082469684,510.223809427509,53.1523828672647,12.9872935946176,23.980042555231,62.3486088706159,"INSURANCE",5023.1914368657,24.1352618456707,"Train"
